date,location,magnitude,depth
2020-01-01 00:00:00,Indonesia,5.123620356542087,129.59305018703375
2020-01-01 01:00:00,New Zealand,6.852142919229749,379.3306631648507
2020-01-01 02:00:00,Chile,6.195981825434215,611.0620851134858
2020-01-01 03:00:00,New Zealand,5.79597545259111,512.5574204866929
2020-01-01 04:00:00,Indonesia,4.468055921327309,564.5928035030148
2020-01-01 05:00:00,Alaska,4.467983561008608,461.14835669750215
2020-01-01 06:00:00,Turkey,4.174250836504599,484.59359516249674
2020-01-01 07:00:00,Japan,6.598528437324806,594.4369560957235
2020-01-01 08:00:00,Turkey,5.8033450352296265,174.76760620143017
2020-01-01 09:00:00,Turkey,6.124217733388137,342.59747455019834
2020-01-01 10:00:00,Alaska,4.061753482887408,154.84660927372155
2020-01-01 11:00:00,New Zealand,6.909729556485983,691.3676055976529
2020-01-01 12:00:00,Japan,6.497327922401265,660.8415377806293
2020-01-01 13:00:00,California,4.637017332034828,27.59876795795413
2020-01-01 14:00:00,Mexico,4.545474901621302,493.9026207609819
2020-01-01 15:00:00,Alaska,4.550213529560302,647.6738221909661
2020-01-01 16:00:00,Indonesia,4.912726728878614,126.40274158913347
2020-01-01 17:00:00,California,5.574269294896713,397.5616613868406
2020-01-01 18:00:00,Mexico,5.295835055926347,640.8418083116293
2020-01-01 19:00:00,Indonesia,4.873687420594126,23.762185010059188
2020-01-01 20:00:00,Turkey,5.835558684167138,488.19418707278794
2020-01-01 21:00:00,Chile,4.418481581956126,208.14430516078554
2020-01-01 22:00:00,Indonesia,4.876433945605655,647.0773367635712
2020-01-01 23:00:00,Japan,5.099085529881075,679.7407716157575
2020-01-02 00:00:00,Japan,5.368209952651108,660.9865423794038
2020-01-02 01:00:00,Chile,6.355527884179041,331.94995166022466
2020-01-02 02:00:00,California,4.599021346475079,603.4298556925194
2020-01-02 03:00:00,Mexico,5.542703315240835,591.1845789745493
2020-01-02 04:00:00,Indonesia,5.777243706586127,223.37033127027894
2020-01-02 05:00:00,Japan,4.1393512381599935,580.2408319054741
2020-01-02 06:00:00,California,5.822634555704315,25.905344300844835
2020-01-02 07:00:00,Chile,4.511572371061875,417.3889149374371
2020-01-02 08:00:00,New Zealand,4.195154778955839,161.00618610139213
2020-01-02 09:00:00,Alaska,6.84665661176,84.39682004409516
2020-01-02 10:00:00,New Zealand,6.896896099223678,53.86724114044641
2020-01-02 11:00:00,New Zealand,6.425192044349384,487.4021431146978
2020-01-02 12:00:00,Japan,4.913841307520112,237.9124746376463
2020-01-02 13:00:00,Turkey,4.293016342019151,507.33674007013303
2020-01-02 14:00:00,Turkey,6.05269907953647,45.74943855925966
2020-01-02 15:00:00,Chile,5.320457481218804,220.70323648142724
2020-01-02 16:00:00,Indonesia,4.366114704534336,377.6439046627361
2020-01-02 17:00:00,Turkey,5.48553073033381,553.5062153872744
2020-01-02 18:00:00,New Zealand,4.103165563345655,223.12675205244895
2020-01-02 19:00:00,Turkey,6.727961206236346,438.1239635059064
2020-01-02 20:00:00,New Zealand,4.776339944800051,620.184423765331
2020-01-02 21:00:00,Mexico,5.987566853061946,431.1042317276132
2020-01-02 22:00:00,Japan,4.935133228268233,163.07163232754363
2020-01-02 23:00:00,Japan,5.560204063533432,17.080547089576616
2020-01-03 00:00:00,Indonesia,5.6401308380298385,609.0692117306509
2020-01-03 01:00:00,Turkey,4.5545633665765815,14.888587595270996
2020-01-03 02:00:00,Turkey,6.9087538832936755,612.2911708789396
2020-01-03 03:00:00,Alaska,6.325398470083344,370.2559938190484
2020-01-03 04:00:00,California,6.818496824692567,657.3473889590273
2020-01-03 05:00:00,Mexico,6.684482051282947,559.1482650415658
2020-01-03 06:00:00,Japan,5.7936999364332555,698.5538773733363
2020-01-03 07:00:00,Mexico,6.765622705069351,245.4982708161971
2020-01-03 08:00:00,Japan,4.265477506155759,537.0318022517888
2020-01-03 09:00:00,Mexico,4.5879485872574355,281.3516395264695
2020-01-03 10:00:00,Chile,4.135681866731614,335.9129342127362
2020-01-03 11:00:00,New Zealand,4.975990992289793,439.25382425285903
2020-01-03 12:00:00,Japan,5.166031869068446,611.5739799304371
2020-01-03 13:00:00,Mexico,4.814047095321688,688.8584284395066
2020-01-03 14:00:00,Turkey,6.486212527455788,537.7913897051627
2020-01-03 15:00:00,California,5.070259980080768,292.43674751713365
2020-01-03 16:00:00,Chile,4.8428035290621425,294.9499015939491
2020-01-03 17:00:00,Chile,5.628088249474745,516.3076111122241
2020-01-03 18:00:00,California,4.422772674924288,167.14400203781165
2020-01-03 19:00:00,Mexico,6.406590942262119,77.33187919197626
2020-01-03 20:00:00,Turkey,4.223651931039313,248.23551034854358
2020-01-03 21:00:00,Indonesia,6.960660809801552,201.06729415785722
2020-01-03 22:00:00,California,6.3167343078899725,207.41568431919305
2020-01-03 23:00:00,Mexico,4.596147044602517,163.52542573493696
2020-01-04 00:00:00,California,4.016566351370807,29.465232745453317
2020-01-04 01:00:00,California,6.446384285364502,12.511754313389666
2020-01-04 02:00:00,Japan,6.120572031542851,691.405672815222
2020-01-04 03:00:00,Mexico,6.187021504122962,299.44119361510366
2020-01-04 04:00:00,Indonesia,6.313811040057837,269.0286530117772
2020-01-04 05:00:00,New Zealand,4.222133955202271,475.7530978851489
2020-01-04 06:00:00,Japan,5.075397185632818,152.77772150554492
2020-01-04 07:00:00,California,4.347607178575389,664.9728287651577
2020-01-04 08:00:00,New Zealand,6.5893102776267805,550.4415100908865
2020-01-04 09:00:00,Alaska,5.869894380482673,62.58770161858166
2020-01-04 10:00:00,New Zealand,4.992694074557948,292.30654304944983
2020-01-04 11:00:00,California,4.190675050858071,615.3828152935153
2020-01-04 12:00:00,California,4.932946965146987,661.3124156039872
2020-01-04 13:00:00,Turkey,4.975549966080241,327.1810578749088
2020-01-04 14:00:00,Mexico,6.188818535014192,429.3879724474954
2020-01-04 15:00:00,Mexico,5.912672414065639,116.92376226445266
2020-01-04 16:00:00,Japan,6.66163822772898,693.8180382958835
2020-01-04 17:00:00,Indonesia,5.416644775485848,162.17019096841037
2020-01-04 18:00:00,Japan,4.358782737814905,659.912241894588
2020-01-04 19:00:00,Chile,6.139734361668985,454.75265429465793
2020-01-04 20:00:00,California,6.282355145850692,425.4157564152014
2020-01-04 21:00:00,New Zealand,5.683831592708488,358.881957711556
2020-01-04 22:00:00,Alaska,6.312901539863683,161.46886820243108
2020-01-04 23:00:00,California,5.481386789093172,123.56962240385579
2020-01-05 00:00:00,California,5.568198488145982,154.34034634912274
2020-01-05 01:00:00,Japan,5.282623055075649,130.50678350097817
2020-01-05 02:00:00,Alaska,4.076257380232286,545.7091314967273
2020-01-05 03:00:00,Alaska,4.323674280979914,245.08768141671106
2020-01-05 04:00:00,Alaska,4.094287557060203,40.48987359437746
2020-01-05 05:00:00,Japan,5.909231233791341,678.371841098568
2020-01-05 06:00:00,California,4.94306794322898,618.650119474398
2020-01-05 07:00:00,Japan,5.525712073494108,649.426598236649
2020-01-05 08:00:00,Mexico,6.7226994217782785,696.4354758525047
2020-01-05 09:00:00,Mexico,4.747876687446625,121.72667445364111
2020-01-05 10:00:00,Japan,5.231148769106889,277.36941323186113
2020-01-05 11:00:00,Alaska,6.266653415629146,530.7669329928639
2020-01-05 12:00:00,Turkey,4.686394496474867,487.21443263765457
2020-01-05 13:00:00,California,4.230939729486379,107.72713443789854
2020-01-05 14:00:00,Japan,4.869254358741304,571.0831874934324
2020-01-05 15:00:00,Japan,4.483663861762013,157.10840028566247
2020-01-05 16:00:00,Japan,6.789092957027719,156.67233037583617
2020-01-05 17:00:00,Turkey,6.424361138693251,375.8820960253895
2020-01-05 18:00:00,Turkey,5.900211269531271,415.0579543891922
2020-01-05 19:00:00,Chile,6.614381770563153,406.06034548646784
2020-01-05 20:00:00,Mexico,6.411016230697344,64.0407861784284
2020-01-05 21:00:00,New Zealand,4.559710176658108,614.2226038412663
2020-01-05 22:00:00,Alaska,6.677676995469933,185.92002981209424
2020-01-05 23:00:00,Indonesia,5.618026725746953,90.66044489796292
2020-01-06 00:00:00,Turkey,6.422320465492188,622.123655908284
2020-01-06 01:00:00,New Zealand,6.688273899770479,668.9560487608273
2020-01-06 02:00:00,Turkey,4.954010424915592,603.4893320858155
2020-01-06 03:00:00,Alaska,4.33015577358303,566.6612523074147
2020-01-06 04:00:00,Indonesia,4.6838054876258255,458.6693864473152
2020-01-06 05:00:00,Chile,5.2813233658787695,385.6001594263975
2020-01-06 06:00:00,Japan,6.45404429776748,60.8907319379871
2020-01-06 07:00:00,Chile,6.582191749769031,285.91724914948907
2020-01-06 08:00:00,Turkey,4.020856391593572,260.8819619086198
2020-01-06 09:00:00,Chile,5.532241907732697,181.82764863222835
2020-01-06 10:00:00,New Zealand,5.252233009446337,506.39407958200945
2020-01-06 11:00:00,California,4.666323431412191,347.11301455513956
2020-01-06 12:00:00,Turkey,4.359596102001048,56.732351135353554
2020-01-06 13:00:00,Turkey,5.012845514210884,154.12824136486793
2020-01-06 14:00:00,New Zealand,6.828729111737557,478.2811345617171
2020-01-06 15:00:00,Mexico,4.969608796062266,53.29160164321013
2020-01-06 16:00:00,Indonesia,5.556371865230098,595.844839834138
2020-01-06 17:00:00,Japan,6.109056876685534,346.602568909782
2020-01-06 18:00:00,New Zealand,5.0908888071378815,336.4106041286536
2020-01-06 19:00:00,Indonesia,6.915346248162882,414.6854492616623
2020-01-06 20:00:00,Alaska,6.887341884826334,577.2766761476045
2020-01-06 21:00:00,Indonesia,4.755346887476092,243.46644553153513
2020-01-06 22:00:00,Alaska,5.491745517677156,474.6113067913445
2020-01-06 23:00:00,New Zealand,4.902634929450309,396.0123747970537
2020-01-07 00:00:00,Turkey,4.854521483132403,186.91978911859493
2020-01-07 01:00:00,Turkey,4.110660842063599,615.0409904486106
2020-01-07 02:00:00,Mexico,5.8286930019396905,558.1982151248496
2020-01-07 03:00:00,New Zealand,5.508037069686584,460.91628426089784
2020-01-07 04:00:00,Alaska,4.154436253749968,595.4072103659694
2020-01-07 05:00:00,Indonesia,4.835939392709834,607.1059406718616
2020-01-07 06:00:00,Indonesia,6.724797657899961,495.85408370052437
2020-01-07 07:00:00,Alaska,4.718685672000917,585.9093298545704
2020-01-07 08:00:00,Chile,4.434684616273669,488.2300231684986
2020-01-07 09:00:00,Mexico,5.468358280832689,476.09854023221027
2020-01-07 10:00:00,California,6.956951362331802,433.027964750629
2020-01-07 11:00:00,Turkey,4.726165814534501,526.9016476903489
2020-01-07 12:00:00,Japan,6.016406642217635,111.02357370515159
2020-01-07 13:00:00,Indonesia,6.284858845986153,616.6095314392498
2020-01-07 14:00:00,Japan,4.712912631977199,610.2904694216624
2020-01-07 15:00:00,California,6.184649045835579,20.473098124191402
2020-01-07 16:00:00,New Zealand,5.10334939815776,578.0717253953338
2020-01-07 17:00:00,Japan,5.896917491780739,90.20890723141164
2020-01-07 18:00:00,California,5.9005891322826844,234.58319798139934
2020-01-07 19:00:00,Turkey,5.607324052224275,520.4557794041255
2020-01-07 20:00:00,Alaska,4.270869310163225,112.53192723381574
2020-01-07 21:00:00,Chile,6.505907486767714,572.5769168833435
2020-01-07 22:00:00,Turkey,4.962340194915208,582.4939245704194
2020-01-07 23:00:00,Indonesia,4.559555531199563,355.22741363258535
2020-01-08 00:00:00,California,4.122325424664291,4.4701102017835055
2020-01-08 01:00:00,Japan,5.772678829564725,200.92669322243896
2020-01-08 02:00:00,Indonesia,6.032693085526847,431.84884286301957
2020-01-08 03:00:00,Chile,4.049763486783569,686.8303246191964
2020-01-08 04:00:00,Alaska,5.536279174897842,442.26946891166784
2020-01-08 05:00:00,New Zealand,4.679487325593814,181.86250674491185
2020-01-08 06:00:00,Indonesia,5.9355183712283495,443.80399216972796
2020-01-08 07:00:00,New Zealand,4.523099287014975,377.9897658010988
2020-01-08 08:00:00,California,6.072813214307398,545.8917766058005
2020-01-08 09:00:00,Chile,5.160206038901612,74.88644717887088
2020-01-08 10:00:00,Japan,6.810189966210204,532.7195317514196
2020-01-08 11:00:00,Chile,4.412562832437979,378.88660507327717
2020-01-08 12:00:00,Chile,5.023199053150775,674.0944027012963
2020-01-08 13:00:00,Mexico,4.340420563721767,239.31051622708026
2020-01-08 14:00:00,Chile,6.774080854835688,442.8353251937637
2020-01-08 15:00:00,Chile,6.6320180601429435,652.4196738570122
2020-01-08 16:00:00,Turkey,4.773824883145467,71.75680959347548
2020-01-08 17:00:00,Indonesia,5.979952138102537,656.0599410655158
2020-01-08 18:00:00,Japan,6.451666600603648,481.52000561056934
2020-01-08 19:00:00,Turkey,5.665602434798387,47.485941373620335
2020-01-08 20:00:00,Turkey,5.58895173506802,210.67449686277138
2020-01-08 21:00:00,Indonesia,4.725556872701355,495.7204620516971
2020-01-08 22:00:00,Indonesia,4.2793083034176975,47.14542102814019
2020-01-08 23:00:00,California,6.69164727385998,407.5193221233913
2020-01-09 00:00:00,Indonesia,6.701254171489992,242.11813986706971
2020-01-09 01:00:00,Mexico,5.899304371819804,434.640862437234
2020-01-09 02:00:00,Mexico,5.017089373146102,32.019423668758996
2020-01-09 03:00:00,Turkey,5.047628723837983,610.0757643066634
2020-01-09 04:00:00,New Zealand,6.177867036610718,681.4422784241779
2020-01-09 05:00:00,California,6.691330779857731,678.214498699984
2020-01-09 06:00:00,New Zealand,6.661259272795352,524.7562822200473
2020-01-09 07:00:00,New Zealand,6.339626637572872,91.06036809144238
2020-01-09 08:00:00,Turkey,5.926094938462864,530.7842371503158
2020-01-09 09:00:00,Alaska,4.252419894985146,17.210841521161058
2020-01-09 10:00:00,Turkey,4.484886142283841,15.486486070298078
2020-01-09 11:00:00,Japan,6.695662565581237,226.52715340467887
2020-01-09 12:00:00,Japan,5.81928717897877,342.05023328326604
2020-01-09 13:00:00,Indonesia,4.027591154849889,539.2851924654552
2020-01-09 14:00:00,Indonesia,4.304414628598097,478.30676362455364
2020-01-09 15:00:00,Alaska,5.990505307324168,312.1318944637238
2020-01-09 16:00:00,Indonesia,4.015184751538656,191.5386663971661
2020-01-09 17:00:00,Japan,4.482424154252496,697.9871501103978
2020-01-09 18:00:00,New Zealand,5.646201368099758,298.32691156518104
2020-01-09 19:00:00,Turkey,6.07568559307808,315.97091703077285
2020-01-09 20:00:00,Chile,5.955883778507801,114.53667483416842
2020-01-09 21:00:00,Mexico,4.67280792838168,556.3666841249506
2020-01-09 22:00:00,Chile,6.136537664042608,485.57755804704203
2020-01-09 23:00:00,Chile,4.7117472624904,154.5387289521323
2020-01-10 00:00:00,Japan,4.976199094477803,57.666731931089885
2020-01-10 01:00:00,Chile,6.239474215354072,476.34951145229917
2020-01-10 02:00:00,Turkey,5.948898697141644,458.15784999679465
2020-01-10 03:00:00,Alaska,6.547670231482534,191.28166889874652
2020-01-10 04:00:00,California,5.972838676901031,665.6044935752873
2020-01-10 05:00:00,Indonesia,5.704925810006415,105.74052424663016
2020-01-10 06:00:00,California,4.281024303484277,302.63436072982137
2020-01-10 07:00:00,New Zealand,5.1031474091783,660.5311441173192
2020-01-10 08:00:00,Turkey,4.795607103045176,293.8091218482856
2020-01-10 09:00:00,Turkey,4.731968930137251,446.9681633648599
2020-01-10 10:00:00,Mexico,6.919031664257337,278.316078573956
2020-01-10 11:00:00,Turkey,5.179293174000281,191.950641644069
2020-01-10 12:00:00,Indonesia,6.676139665531339,688.7843535718797
2020-01-10 13:00:00,Turkey,5.893415877991789,286.5338044205301
2020-01-10 14:00:00,Chile,6.384433910624946,625.8694425753941
2020-01-10 15:00:00,Mexico,5.507911279315577,160.96822412376034
2020-01-10 16:00:00,Indonesia,5.730711653879077,149.17329281755832
2020-01-10 17:00:00,Alaska,5.477553081456591,21.793858019157952
2020-01-10 18:00:00,Alaska,4.585728963394134,456.1667777631195
2020-01-10 19:00:00,Alaska,6.1673563457845155,257.9684406066328
2020-01-10 20:00:00,Alaska,4.842317087322567,605.0507748877459
2020-01-10 21:00:00,Chile,4.072947899294362,331.24693468409004
2020-01-10 22:00:00,Turkey,5.936416887721503,677.7353995403053
2020-01-10 23:00:00,California,4.531332038221147,129.8678609921848
2020-01-11 00:00:00,Indonesia,6.821375753058743,608.0362175689276
2020-01-11 01:00:00,Chile,6.861785731007762,543.6177969542192
2020-01-11 02:00:00,Alaska,6.744593170661346,539.6452912508364
2020-01-11 03:00:00,New Zealand,5.110476100766333,591.3482596818213
2020-01-11 04:00:00,Turkey,4.046369849586602,532.7167936600993
2020-01-11 05:00:00,California,6.784955687763176,438.35422514199075
2020-01-11 06:00:00,New Zealand,5.284552444951943,91.8714143776713
2020-01-11 07:00:00,Mexico,6.899964457131009,22.76832564387634
2020-01-11 08:00:00,New Zealand,6.890859931267759,644.5934934709808
2020-01-11 09:00:00,Mexico,6.55902836640208,431.6552201645166
2020-01-11 10:00:00,Mexico,4.883346676208757,557.5761036833234
2020-01-11 11:00:00,Alaska,5.155293185805776,337.06564605878503
2020-01-11 12:00:00,Mexico,6.553410014550571,82.11573227367613
2020-01-11 13:00:00,Japan,4.950766015468833,87.63005454178531
2020-01-11 14:00:00,Indonesia,4.5084782400582775,479.89570106028
2020-01-11 15:00:00,Indonesia,5.670403787375051,301.2141264296239
2020-01-11 16:00:00,Alaska,6.808464322482343,140.36730869023572
2020-01-11 17:00:00,Japan,6.088089390024919,344.1161827190058
2020-01-11 18:00:00,New Zealand,5.710183510268095,44.94625595259386
2020-01-11 19:00:00,Chile,4.291529481312305,407.37998134007915
2020-01-11 20:00:00,New Zealand,5.845021680097509,188.29538310456837
2020-01-11 21:00:00,Turkey,6.97016155031279,558.2913704460317
2020-01-11 22:00:00,Chile,4.420252045709572,217.25337124650164
2020-01-11 23:00:00,Mexico,5.55498895709121,318.65410435726085
2020-01-12 00:00:00,California,6.632119215783867,8.134377935670445
2020-01-12 01:00:00,Chile,6.222305853262613,50.712821456191215
2020-01-12 02:00:00,California,6.091047222985804,274.74548948467935
2020-01-12 03:00:00,Indonesia,6.107452251961328,335.95718430198644
2020-01-12 04:00:00,California,5.0784734536592655,420.0143836835126
2020-01-12 05:00:00,Indonesia,4.88077553279348,204.16380509651225
2020-01-12 06:00:00,Japan,6.428083466435541,486.4873202885798
2020-01-12 07:00:00,Japan,6.430340184037542,602.0856780324432
2020-01-12 08:00:00,Alaska,6.601216955740311,545.8956922253449
2020-01-12 09:00:00,Alaska,6.7397216576694134,27.73317774385
2020-01-12 10:00:00,Mexico,5.534027196582813,336.35486308048024
2020-01-12 11:00:00,Chile,5.504548884061599,73.4511248927224
2020-01-12 12:00:00,Mexico,6.3948855369003255,169.43151110376922
2020-01-12 13:00:00,Indonesia,5.949891792333295,690.6638152870025
2020-01-12 14:00:00,Mexico,6.10590063177311,99.74688003105926
2020-01-12 15:00:00,California,6.387378008308303,349.22170741594925
2020-01-12 16:00:00,Indonesia,6.670016025452699,432.7090140226834
2020-01-12 17:00:00,Alaska,5.013985470554608,491.72547938087274
2020-01-12 18:00:00,Japan,5.126748857919832,391.75407844083986
2020-01-12 19:00:00,Alaska,4.2819458195226066,6.839593193428561
2020-01-12 20:00:00,Chile,5.734840422988522,228.52291577079433
2020-01-12 21:00:00,Indonesia,4.107826821390226,362.398150369298
2020-01-12 22:00:00,Indonesia,5.396794054397381,61.506549401383346
2020-01-12 23:00:00,California,5.62793390412273,245.43885184642653
2020-01-13 00:00:00,Chile,4.859623756384853,23.242176153956596
2020-01-13 01:00:00,Japan,5.772499781707032,55.00494800851452
2020-01-13 02:00:00,New Zealand,4.091500749817149,277.84629334111725
2020-01-13 03:00:00,Indonesia,4.1120445662476435,92.90102783014224
2020-01-13 04:00:00,Indonesia,6.467801681978974,397.2785937830907
2020-01-13 05:00:00,California,5.080571924233789,482.625478396086
2020-01-13 06:00:00,Mexico,4.381181537955654,560.410689376358
2020-01-13 07:00:00,Turkey,5.5667297801644136,140.10517097136707
2020-01-13 08:00:00,Japan,6.3099806592958325,117.23780758134883
2020-01-13 09:00:00,Alaska,4.647463082490529,73.19748823408018
2020-01-13 10:00:00,Chile,5.868671427457,445.50117468054566
2020-01-13 11:00:00,Indonesia,4.2560423949813035,494.5330085408308
2020-01-13 12:00:00,Indonesia,4.155045163505823,22.110301377949426
2020-01-13 13:00:00,Alaska,5.594063894704444,655.3485723705828
2020-01-13 14:00:00,Japan,5.62190536483032,36.37989855603069
2020-01-13 15:00:00,Turkey,5.912289704494619,378.9074347107493
2020-01-13 16:00:00,Mexico,6.178274001167985,496.3423636156415
2020-01-13 17:00:00,Indonesia,6.927556238387604,609.67838662226
2020-01-13 18:00:00,Turkey,5.548901044903586,499.86085249269945
2020-01-13 19:00:00,Japan,4.968869418823738,561.2096581488543
2020-01-13 20:00:00,Alaska,6.385558584306111,237.61513477996425
2020-01-13 21:00:00,California,4.812496753786222,570.3775796225585
2020-01-13 22:00:00,Mexico,5.316914262116908,56.0803924692726
2020-01-13 23:00:00,Chile,4.235369144026798,626.3716592423693
2020-01-14 00:00:00,Indonesia,4.076052230246373,383.3146633076154
2020-01-14 01:00:00,Japan,6.887945244033775,572.1084389737456
2020-01-14 02:00:00,California,6.507940361536617,316.6227991628101
2020-01-14 03:00:00,Chile,6.087922618281094,450.50438663756745
2020-01-14 04:00:00,New Zealand,5.22685883324281,368.48186265527926
2020-01-14 05:00:00,Japan,4.519882960212537,512.1126652287323
2020-01-14 06:00:00,Japan,4.469311128013258,57.1409874214127
2020-01-14 07:00:00,Chile,4.750728694493786,42.24645879339466
2020-01-14 08:00:00,California,5.647679994118361,172.9722638071025
2020-01-14 09:00:00,New Zealand,6.143787768100188,111.68127607923184
2020-01-14 10:00:00,Turkey,5.980592130153194,610.2484966145412
2020-01-14 11:00:00,Turkey,4.839801690837828,153.44979115063103
2020-01-14 12:00:00,Alaska,6.8645958419895825,683.1056790733919
2020-01-14 13:00:00,California,6.213690750087306,235.82705423977478
2020-01-14 14:00:00,Mexico,5.663062157534203,127.4825409820895
2020-01-14 15:00:00,Indonesia,5.835162238703057,552.7889549997354
2020-01-14 16:00:00,Chile,5.25880018728337,461.09544285061327
2020-01-14 17:00:00,Alaska,4.743192968503473,348.7370015171973
2020-01-14 18:00:00,New Zealand,5.0679180359537845,388.75448565634184
2020-01-14 19:00:00,Chile,6.273538331393107,503.4412447905847
2020-01-14 20:00:00,Chile,4.043180465889268,159.9183189319091
2020-01-14 21:00:00,California,4.348217921520749,697.4337412397193
2020-01-14 22:00:00,Indonesia,4.138007926065258,682.3552135027481
2020-01-14 23:00:00,Mexico,4.12218640695691,455.2279804428558
2020-01-15 00:00:00,Turkey,6.566381752033021,139.6797156504016
2020-01-15 01:00:00,Japan,6.1109735781400705,476.15976970190394
2020-01-15 02:00:00,Japan,5.422521487261975,50.53888628542309
2020-01-15 03:00:00,Chile,4.293502481953005,21.456751544064247
2020-01-15 04:00:00,Turkey,5.474847625350497,180.37802195784957
2020-01-15 05:00:00,Turkey,5.420415312341698,323.8360697175214
2020-01-15 06:00:00,Indonesia,4.519605609730045,607.7907537858664
2020-01-15 07:00:00,New Zealand,5.301554947713919,509.0183488364156
2020-01-15 08:00:00,New Zealand,5.19551420319212,519.8945648399867
2020-01-15 09:00:00,Alaska,5.847550294156649,297.84533411365277
2020-01-15 10:00:00,California,5.905280952602931,242.15449478287405
2020-01-15 11:00:00,Indonesia,4.135912029316134,259.72713408922186
2020-01-15 12:00:00,Indonesia,5.123837843879413,691.3546946152405
2020-01-15 13:00:00,California,5.877579747142709,28.076433988737737
2020-01-15 14:00:00,Turkey,5.509408775740264,606.922047285714
2020-01-15 15:00:00,New Zealand,6.569469523564967,405.07278600067536
2020-01-15 16:00:00,New Zealand,5.976080894856835,307.0307934327133
2020-01-15 17:00:00,Turkey,4.488803281244289,507.68036229059555
2020-01-15 18:00:00,New Zealand,4.21170624220129,340.668258997292
2020-01-15 19:00:00,Chile,5.927257834618947,611.3962666571624
2020-01-15 20:00:00,Indonesia,4.079533931624866,630.491304807881
2020-01-15 21:00:00,Japan,5.75732674382039,295.2046488114188
2020-01-15 22:00:00,California,6.820690724274873,193.7794580645361
2020-01-15 23:00:00,New Zealand,5.726422533627637,414.64523001535355
2020-01-16 00:00:00,Alaska,5.164509778619566,638.6543419316837
2020-01-16 01:00:00,New Zealand,5.9298646553270595,147.46353230396662
2020-01-16 02:00:00,New Zealand,5.37475867147455,436.07660849443795
2020-01-16 03:00:00,Mexico,5.636850367947805,442.0921540647644
2020-01-16 04:00:00,Chile,6.824394426329576,513.1791156906967
2020-01-16 05:00:00,California,5.158307913402323,92.09737958908187
2020-01-16 06:00:00,Mexico,6.883571691471743,501.077475277462
2020-01-16 07:00:00,Mexico,6.716051925868191,636.3227644659487
2020-01-16 08:00:00,Alaska,4.58737340436789,125.77817620916937
2020-01-16 09:00:00,Indonesia,4.208083902625496,166.28032744671435
2020-01-16 10:00:00,Alaska,4.30233400413228,679.9765658291477
2020-01-16 11:00:00,Indonesia,4.054665476954649,126.68386689664284
2020-01-16 12:00:00,Indonesia,4.283328882267785,598.0695653587054
2020-01-16 13:00:00,California,6.04902032024907,344.5944995136243
2020-01-16 14:00:00,New Zealand,4.213565945380687,173.06175208222393
2020-01-16 15:00:00,California,4.956926890881284,609.524930890758
2020-01-16 16:00:00,Chile,6.534625932908364,311.71367850186584
2020-01-16 17:00:00,Indonesia,4.069815807207478,360.37214775078314
2020-01-16 18:00:00,Mexico,6.443405447766807,251.46335857983598
2020-01-16 19:00:00,New Zealand,4.8455643243202,415.0655960044492
2020-01-16 20:00:00,Japan,4.354494482864968,114.46671080951593
2020-01-16 21:00:00,Chile,6.0902114960924525,273.7570756562325
2020-01-16 22:00:00,California,5.886828540339652,678.5886256347012
2020-01-16 23:00:00,Alaska,6.632416040581159,180.6934028907893
2020-01-17 00:00:00,Chile,6.205213131411657,459.71566517890454
2020-01-17 01:00:00,Chile,6.410442791154546,227.63304495728642
2020-01-17 02:00:00,New Zealand,4.84610371771392,541.4311879806205
2020-01-17 03:00:00,Chile,4.532318631339169,91.61156250284488
2020-01-17 04:00:00,Chile,6.251844254922575,678.8747315549813
2020-01-17 05:00:00,Japan,6.420504217801792,317.6526789685475
2020-01-17 06:00:00,Turkey,6.97151542600202,165.23532434252476
2020-01-17 07:00:00,Alaska,5.237853030734279,51.44772313100886
2020-01-17 08:00:00,Alaska,5.11605425737835,118.83053356127851
2020-01-17 09:00:00,Alaska,6.32923888222599,363.8417639892124
2020-01-17 10:00:00,Indonesia,5.022410620759054,235.9022235019004
2020-01-17 11:00:00,Mexico,6.792271976810694,580.2183561178266
2020-01-17 12:00:00,Turkey,6.575238255529035,301.62126656326416
2020-01-17 13:00:00,Alaska,5.286982082125055,174.09999081134094
2020-01-17 14:00:00,Chile,6.252613203374493,432.00149062282105
2020-01-17 15:00:00,Chile,6.263628622254047,494.74405181981206
2020-01-17 16:00:00,Alaska,4.309371606507797,116.9293355306649
2020-01-17 17:00:00,New Zealand,6.7076587200387,117.33345140182236
2020-01-17 18:00:00,Alaska,5.515757117343572,25.66999885348008
2020-01-17 19:00:00,Chile,6.479372398323225,515.4814105459484
2020-01-17 20:00:00,Indonesia,4.960148803091835,464.66316933526355
2020-01-17 21:00:00,California,6.686569685488601,332.2416130248697
2020-01-17 22:00:00,California,5.16760503620249,590.919314278438
2020-01-17 23:00:00,Turkey,4.032512954440895,563.9691070650372
2020-01-18 00:00:00,Turkey,6.716145929257791,409.7480550777265
2020-01-18 01:00:00,Alaska,4.273860030358401,607.7898963592811
2020-01-18 02:00:00,Japan,4.957940912771244,144.08884702573778
2020-01-18 03:00:00,Alaska,6.850185901152415,78.34373357840951
2020-01-18 04:00:00,New Zealand,6.851821440812668,188.82472806189273
2020-01-18 05:00:00,Alaska,5.720313664369858,39.960799262520396
2020-01-18 06:00:00,Turkey,5.895511636509398,371.8186696007224
2020-01-18 07:00:00,California,5.345336565934959,655.6239846064731
2020-01-18 08:00:00,Chile,4.879632315094193,27.540478467956753
2020-01-18 09:00:00,Alaska,4.985993636109748,85.47693980701877
2020-01-18 10:00:00,Chile,6.017555368231115,316.5393197984047
2020-01-18 11:00:00,Chile,6.25712358831304,653.7125122695335
2020-01-18 12:00:00,Japan,6.374737131177546,221.30927348372535
2020-01-18 13:00:00,Chile,6.368854428383662,355.0643660818747
2020-01-18 14:00:00,California,4.273618309146071,29.101001335274468
2020-01-18 15:00:00,Indonesia,5.483260914107745,103.8402406734622
2020-01-18 16:00:00,Indonesia,4.172676280049933,690.6410860711928
2020-01-18 17:00:00,Mexico,5.648586646971207,675.5830875052319
2020-01-18 18:00:00,New Zealand,5.324591504120131,3.457986654086731
2020-01-18 19:00:00,Alaska,6.663112548274899,666.2682497962672
2020-01-18 20:00:00,New Zealand,5.052745037656236,447.38395647085025
2020-01-18 21:00:00,California,4.3512010492828175,607.5428061640155
2020-01-18 22:00:00,Chile,4.428975046158508,318.3178989437014
2020-01-18 23:00:00,Indonesia,6.2845318951524165,360.91722000547514
2020-01-19 00:00:00,New Zealand,5.854654189948783,342.1926061798441
2020-01-19 01:00:00,California,4.303368028368371,466.80498028227305
2020-01-19 02:00:00,Indonesia,4.2523204183449925,97.75587832941903
2020-01-19 03:00:00,Chile,6.10290739437736,20.981512910874567
2020-01-19 04:00:00,New Zealand,4.21828901909258,215.55095911383364
2020-01-19 05:00:00,Indonesia,6.465580177871068,493.2765339156527
2020-01-19 06:00:00,Alaska,6.1187266814694885,141.29741648606387
2020-01-19 07:00:00,Turkey,4.244046341925699,471.4027033274421
2020-01-19 08:00:00,Alaska,4.2545131422555755,678.9384322750893
2020-01-19 09:00:00,Mexico,6.959918735503527,65.73050105259287
2020-01-19 10:00:00,Mexico,5.122812387268361,470.8214827575884
2020-01-19 11:00:00,Indonesia,5.111926441200673,310.6251535131998
2020-01-19 12:00:00,Turkey,6.438398701772508,607.6995780642537
2020-01-19 13:00:00,California,6.841745732151576,124.00485261317013
2020-01-19 14:00:00,Alaska,6.958003191468613,484.83816655831515
2020-01-19 15:00:00,California,6.260134555776824,586.6807027536771
2020-01-19 16:00:00,Turkey,5.128778756592747,661.2299536318162
2020-01-19 17:00:00,California,4.250502150096006,478.2736198027521
2020-01-19 18:00:00,Turkey,6.3314407477823105,348.0223348058991
2020-01-19 19:00:00,Indonesia,5.675212749207415,432.4930681408497
2020-01-19 20:00:00,California,5.272666027740929,608.2334891351028
2020-01-19 21:00:00,Alaska,6.719063155284208,399.42682264718076
2020-01-19 22:00:00,Chile,4.333592446918454,21.2709417877858
2020-01-19 23:00:00,Mexico,5.477875312872578,651.6640868548844
2020-01-20 00:00:00,Chile,4.034060934302257,482.6687257220928
2020-01-20 01:00:00,California,5.405981925982379,473.5593700440726
2020-01-20 02:00:00,Chile,4.168909827045512,150.97260667840203
2020-01-20 03:00:00,Alaska,4.356453748804216,461.21982916286004
2020-01-20 04:00:00,Alaska,4.352578740331315,275.7050839579109
2020-01-20 05:00:00,California,5.9476309063481905,455.8630839290445
2020-01-20 06:00:00,Indonesia,6.23813463779627,74.6151212155935
2020-01-20 07:00:00,Chile,5.750106295291479,460.4917132221252
2020-01-20 08:00:00,Indonesia,6.886517645423625,699.5896080394666
2020-01-20 09:00:00,Indonesia,5.124611738571112,33.74842720238922
2020-01-20 10:00:00,Turkey,4.857136258845582,684.0219289549221
2020-01-20 11:00:00,Japan,6.605797384568381,284.83557250600944
2020-01-20 12:00:00,California,4.670787515558358,609.5274152360814
2020-01-20 13:00:00,Mexico,6.889667618321834,547.6698388407914
2020-01-20 14:00:00,Alaska,4.036463424069449,396.91138269066744
2020-01-20 15:00:00,Alaska,6.909636480122917,516.9144464759286
2020-01-20 16:00:00,California,4.129479735851728,614.9608929109435
2020-01-20 17:00:00,Turkey,6.673429341094213,282.8982251557231
2020-01-20 18:00:00,New Zealand,5.5831033272588995,228.92321309426708
2020-01-20 19:00:00,New Zealand,6.978894388357901,467.31536989450933
2020-01-20 20:00:00,New Zealand,4.221389694206197,565.492159358881
2020-01-20 21:00:00,Turkey,5.661562853203963,533.599594343631
2020-01-20 22:00:00,Mexico,6.907907606857297,558.4695542010442
2020-01-20 23:00:00,Alaska,5.5692935325104465,304.9083203690531
2020-01-21 00:00:00,California,5.888195914405788,572.4839513225152
2020-01-21 01:00:00,Turkey,6.087246066953852,84.14633875942592
2020-01-21 02:00:00,Alaska,5.36362319430332,381.1423685725947
2020-01-21 03:00:00,Indonesia,5.88267424025219,4.031062348685099
2020-01-21 04:00:00,Chile,5.752942935769301,227.2100809301892
2020-01-21 05:00:00,Chile,6.703474031472966,256.5230744099785
2020-01-21 06:00:00,Turkey,4.136339141024374,277.32088412647875
2020-01-21 07:00:00,Alaska,4.842889568776691,486.82704468290353
2020-01-21 08:00:00,Japan,6.851234452229676,271.99067088924204
2020-01-21 09:00:00,Mexico,6.670791351672749,314.08553583577145
2020-01-21 10:00:00,New Zealand,5.366970258357139,166.28089161202922
2020-01-21 11:00:00,Mexico,5.86039779340461,261.2762541405381
2020-01-21 12:00:00,Mexico,4.832143548943398,159.08873908420603
2020-01-21 13:00:00,Turkey,4.564363479171284,51.23714663791055
2020-01-21 14:00:00,Indonesia,5.391095214819947,422.4140153669645
2020-01-21 15:00:00,Mexico,5.060056684078159,467.7489589885114
2020-01-21 16:00:00,Chile,5.750968335552616,433.6432422067302
2020-01-21 17:00:00,Indonesia,4.233203910894955,324.44583066040065
2020-01-21 18:00:00,California,6.923184422998499,265.8500461254609
2020-01-21 19:00:00,Mexico,6.958632233438808,604.3335547002777
2020-01-21 20:00:00,Mexico,6.094485142059235,363.35724959535264
2020-01-21 21:00:00,California,5.608289099032361,335.4273143408117
2020-01-21 22:00:00,Mexico,4.928582848858984,17.949446064504983
2020-01-21 23:00:00,California,6.4413850591208455,238.87347933830944
2020-01-22 00:00:00,Indonesia,6.054193517661638,266.13693315009994
2020-01-22 01:00:00,Chile,4.487850818034674,279.17594662783034
2020-01-22 02:00:00,California,6.732781553481527,406.1206584591326
2020-01-22 03:00:00,Japan,6.467611728769507,373.5217827088149
2020-01-22 04:00:00,Turkey,6.849399739875772,425.53356495541124
2020-01-22 05:00:00,Turkey,6.17715852516508,535.4182830794898
2020-01-22 06:00:00,California,5.840245587807369,569.0900171012654
2020-01-22 07:00:00,Turkey,5.254729108871857,502.6861533585461
2020-01-22 08:00:00,Mexico,6.798185450062039,668.8665871684543
2020-01-22 09:00:00,New Zealand,6.598191668501225,12.762807873453141
2020-01-22 10:00:00,New Zealand,4.135656010318568,137.04458997848226
2020-01-22 11:00:00,Turkey,4.079100923491756,5.2940124846994845
2020-01-22 12:00:00,Indonesia,5.129390100634149,453.2322999082221
2020-01-22 13:00:00,Alaska,6.431659992345499,628.6213842649909
2020-01-22 14:00:00,Indonesia,6.961828387944833,170.4376076034095
2020-01-22 15:00:00,Alaska,4.451250673310584,648.9241813574147
2020-01-22 16:00:00,New Zealand,5.782392146056406,42.1871732026926
2020-01-22 17:00:00,New Zealand,5.142672569893064,654.10521876386
2020-01-22 18:00:00,California,6.909743193443809,246.1358810677441
2020-01-22 19:00:00,Chile,6.526356769407126,70.99457991445156
2020-01-22 20:00:00,Japan,6.514986114133413,340.110231430428
2020-01-22 21:00:00,Indonesia,5.4060794793849105,179.74359740435557
2020-01-22 22:00:00,Mexico,5.244458507012995,199.411031373346
2020-01-22 23:00:00,Alaska,4.8202212157921185,215.1029754484006
2020-01-23 00:00:00,Turkey,4.169126489952781,562.1181284828644
2020-01-23 01:00:00,Mexico,6.594167128765159,377.41289367267814
2020-01-23 02:00:00,Chile,6.438703027390233,217.91538940920256
2020-01-23 03:00:00,Alaska,6.999153019858392,427.23364831764286
2020-01-23 04:00:00,Indonesia,6.989910511221716,501.30547195623546
2020-01-23 05:00:00,California,5.666295116807882,190.83680051347363
2020-01-23 06:00:00,Mexico,6.3069622455415315,289.48437106774605
2020-01-23 07:00:00,Chile,6.834297189647284,85.32026533586328
2020-01-23 08:00:00,Indonesia,6.548942172032234,126.80454467427622
2020-01-23 09:00:00,New Zealand,4.742044305229593,476.78249777548797
2020-01-23 10:00:00,New Zealand,5.35163240593028,127.00684338693887
2020-01-23 11:00:00,Indonesia,4.387478245454485,367.6143685669421
2020-01-23 12:00:00,Indonesia,6.862153081776167,496.33238320570285
2020-01-23 13:00:00,Indonesia,5.81852390335264,74.81384616632069
2020-01-23 14:00:00,Alaska,4.6859284165103885,397.11855374023247
2020-01-23 15:00:00,Indonesia,6.01510205321757,179.59394859095462
2020-01-23 16:00:00,Mexico,5.8543847213736875,674.0488126663058
2020-01-23 17:00:00,Chile,5.074488154098521,338.4819527039473
2020-01-23 18:00:00,Alaska,4.340672776598887,564.1947848426107
2020-01-23 19:00:00,Indonesia,6.014719586778399,385.15857950938323
2020-01-23 20:00:00,Japan,5.56092310271138,30.388772998373415
2020-01-23 21:00:00,Turkey,6.3169551752069175,443.20596291581563
2020-01-23 22:00:00,Japan,5.560490503335981,665.9823395446599
2020-01-23 23:00:00,Chile,6.556544500955621,421.1282741024318
2020-01-24 00:00:00,New Zealand,5.6557205163234565,573.4322015987532
2020-01-24 01:00:00,California,5.682813914606159,618.9445243438854
2020-01-24 02:00:00,California,6.629960807975035,159.65584036425273
2020-01-24 03:00:00,Turkey,5.210448598637191,148.43138793575866
2020-01-24 04:00:00,New Zealand,4.402045685351922,427.6866921956942
2020-01-24 05:00:00,Alaska,4.086348028940017,287.7199288646933
2020-01-24 06:00:00,Alaska,6.265411767020857,587.9029120067042
2020-01-24 07:00:00,Alaska,5.860928654060394,630.0161863786078
2020-01-24 08:00:00,California,6.11223930429767,247.39496551190268
2020-01-24 09:00:00,Japan,4.638892484526732,165.80939128213745
2020-01-24 10:00:00,California,4.4091144267603095,546.3678606707033
2020-01-24 11:00:00,Mexico,4.043633997003646,192.36422488369527
2020-01-24 12:00:00,Indonesia,5.051762676419791,575.8300229595749
2020-01-24 13:00:00,Alaska,5.769753060563899,296.616777554134
2020-01-24 14:00:00,Japan,5.176732135299197,467.2849295040293
2020-01-24 15:00:00,Chile,5.312424766071187,66.87471968426773
2020-01-24 16:00:00,Turkey,6.712476083481246,436.70152727360113
2020-01-24 17:00:00,Chile,5.044766401069901,316.2373751160604
2020-01-24 18:00:00,Indonesia,5.541968467479432,410.6259242228319
2020-01-24 19:00:00,Japan,6.350959038223429,117.60994542140439
2020-01-24 20:00:00,California,5.1896283469638105,515.8116214609274
2020-01-24 21:00:00,California,5.86626010068362,603.95795428026
2020-01-24 22:00:00,Mexico,6.587091126240235,151.71786006354296
2020-01-24 23:00:00,Mexico,6.848561870972926,67.00018886411321
2020-01-25 00:00:00,California,4.441220442787114,16.547010232435476
2020-01-25 01:00:00,Chile,6.779762875484483,449.3800503102862
2020-01-25 02:00:00,Turkey,5.476348879238614,424.96582526214655
2020-01-25 03:00:00,Alaska,4.774733164896875,382.688188899849
2020-01-25 04:00:00,Chile,5.377407268714784,162.3629672811828
2020-01-25 05:00:00,Turkey,6.940097725856431,273.63419713386025
2020-01-25 06:00:00,Mexico,5.477854281978608,416.1334346303211
2020-01-25 07:00:00,Indonesia,4.986254830862524,347.7368012014186
2020-01-25 08:00:00,Turkey,5.900202562950177,691.4498641504211
2020-01-25 09:00:00,California,4.7204368563345795,95.50782678971319
2020-01-25 10:00:00,Mexico,4.227589984325991,486.60118783331563
2020-01-25 11:00:00,Mexico,4.386639165731948,283.0231376730045
2020-01-25 12:00:00,Alaska,4.384137516873317,299.73973044793036
2020-01-25 13:00:00,California,4.455708080536883,502.3184359607234
2020-01-25 14:00:00,Alaska,4.41648151794823,484.70530592705876
2020-01-25 15:00:00,California,5.922624234409644,693.8791955915318
2020-01-25 16:00:00,Alaska,4.545640253197434,89.87600261788766
2020-01-25 17:00:00,Turkey,5.03700184997159,72.87675456891644
2020-01-25 18:00:00,Chile,6.690365229718036,507.0371719901188
2020-01-25 19:00:00,Indonesia,5.421884920788617,404.8708419044864
2020-01-25 20:00:00,Indonesia,6.002673215563082,191.9124665918641
2020-01-25 21:00:00,California,4.5169596136048895,55.59355829229062
2020-01-25 22:00:00,Japan,4.576867056426012,59.96077471750137
2020-01-25 23:00:00,New Zealand,4.122605848799436,625.9336122648828
2020-01-26 00:00:00,Mexico,4.506805189216494,134.30712730312004
2020-01-26 01:00:00,Mexico,4.835771017095876,226.36009348086452
2020-01-26 02:00:00,California,4.5310314528302404,158.6594815588916
2020-01-26 03:00:00,Turkey,4.266107601271167,248.49741408235613
2020-01-26 04:00:00,Alaska,4.361907613301803,48.596689922265355
2020-01-26 05:00:00,Japan,5.382336304098177,363.3418536357893
2020-01-26 06:00:00,Chile,4.6190011552173775,47.32879451455043
2020-01-26 07:00:00,Alaska,5.092809583144226,560.2495554756531
2020-01-26 08:00:00,Alaska,5.5102518125645705,163.5984573373031
2020-01-26 09:00:00,California,6.071184485888096,378.0083402231574
2020-01-26 10:00:00,California,4.117936419523296,616.0553612930207
2020-01-26 11:00:00,Turkey,6.398231196727128,455.6141583330359
2020-01-26 12:00:00,Mexico,5.883701168472723,373.07045058593474
2020-01-26 13:00:00,California,4.245277095846616,227.03362718076292
2020-01-26 14:00:00,California,6.620735872320331,233.10133914073856
2020-01-26 15:00:00,California,6.7626172015954396,468.6408686387331
2020-01-26 16:00:00,Turkey,4.183233879564591,695.8975528548173
2020-01-26 17:00:00,Mexico,4.830632944441611,463.28743289456503
2020-01-26 18:00:00,Chile,6.418603839379184,390.44839215901743
2020-01-26 19:00:00,Chile,6.244779071150975,511.45535716747224
2020-01-26 20:00:00,New Zealand,4.553563058069132,325.6439285986027
2020-01-26 21:00:00,New Zealand,4.628047970010131,42.09963982054965
2020-01-26 22:00:00,California,5.111416308374146,393.6077711145369
2020-01-26 23:00:00,New Zealand,5.453568955573064,670.3376991537662
2020-01-27 00:00:00,Mexico,5.854764314590888,122.71205965036175
2020-01-27 01:00:00,Turkey,5.106740918709317,483.003423574466
2020-01-27 02:00:00,Chile,5.3876041483994435,140.65358206133953
2020-01-27 03:00:00,Alaska,6.24241281440127,375.0793791311569
2020-01-27 04:00:00,Chile,4.110049608671794,67.67351475270374
2020-01-27 05:00:00,Chile,4.757310833032062,315.2596553807296
2020-01-27 06:00:00,Mexico,6.140048757653657,529.3143302266723
2020-01-27 07:00:00,New Zealand,6.685620513061598,243.30006696728745
2020-01-27 08:00:00,Alaska,5.5350323263469985,465.4382071410526
2020-01-27 09:00:00,Mexico,5.596340455795946,556.8149725528104
2020-01-27 10:00:00,California,4.321516034019329,649.0244736356169
2020-01-27 11:00:00,Turkey,5.3422371004703635,164.24945729881748
2020-01-27 12:00:00,Indonesia,5.59785179936507,279.5211410665157
2020-01-27 13:00:00,Chile,4.727411510904189,106.6912093312922
2020-01-27 14:00:00,Indonesia,4.8077296928481426,694.7384515108627
2020-01-27 15:00:00,Turkey,5.131852489313868,648.9006775470067
2020-01-27 16:00:00,Turkey,4.060213593333179,377.96999119639173
2020-01-27 17:00:00,Mexico,4.966237496749535,589.4233060634949
2020-01-27 18:00:00,Mexico,4.634344020989634,364.67058409042954
2020-01-27 19:00:00,Mexico,4.982492056533744,436.50998160193177
2020-01-27 20:00:00,Indonesia,4.359286395457754,62.387102481211635
2020-01-27 21:00:00,Mexico,6.671581842219685,528.6892943477656
2020-01-27 22:00:00,Turkey,5.780777360662146,89.39943854466438
2020-01-27 23:00:00,California,6.037306957433469,578.2473411767699
2020-01-28 00:00:00,Mexico,6.367513715822015,547.4196613692701
2020-01-28 01:00:00,Japan,5.495326596787172,496.1212884200835
2020-01-28 02:00:00,New Zealand,4.260760864262271,25.31226636733348
2020-01-28 03:00:00,Indonesia,5.611319625455643,212.18984916173002
2020-01-28 04:00:00,Japan,5.760523354062638,184.17879893759002
2020-01-28 05:00:00,Mexico,6.23631842255299,252.09548523006336
2020-01-28 06:00:00,Turkey,5.294978638689038,61.34992273468698
2020-01-28 07:00:00,California,4.382740908386691,655.870476121744
2020-01-28 08:00:00,Chile,4.851327717396173,387.66156849866337
2020-01-28 09:00:00,Alaska,5.0892468891959055,213.8670174606165
2020-01-28 10:00:00,New Zealand,5.937751723994804,277.8870619519984
2020-01-28 11:00:00,Alaska,5.712334914006735,313.041778353385
2020-01-28 12:00:00,Mexico,5.068290177693539,420.4160333524321
2020-01-28 13:00:00,New Zealand,6.959545746378939,360.9755993875484
2020-01-28 14:00:00,New Zealand,5.817324458070662,643.5743812500922
2020-01-28 15:00:00,California,4.711680375207983,347.87443803408115
2020-01-28 16:00:00,New Zealand,4.305347417861212,694.5106103763188
2020-01-28 17:00:00,Indonesia,4.458577417552996,595.9974704215671
2020-01-28 18:00:00,Japan,4.737873185153524,145.95736005013507
2020-01-28 19:00:00,Japan,4.482044119778667,651.4166502507413
2020-01-28 20:00:00,Japan,4.559701072153917,81.45647851983327
2020-01-28 21:00:00,Indonesia,4.855285506081541,572.2147959438341
2020-01-28 22:00:00,Alaska,4.520120785884265,266.43630543360604
2020-01-28 23:00:00,California,6.690296273879276,614.5820243115487
2020-01-29 00:00:00,New Zealand,4.240701236984926,607.6396830752152
2020-01-29 01:00:00,Indonesia,5.573534168710764,564.1477800823347
2020-01-29 02:00:00,Japan,5.231190480968984,553.021305414943
2020-01-29 03:00:00,Mexico,6.947135850725819,213.27539736862855
2020-01-29 04:00:00,Chile,4.336116706504157,56.64349813587653
2020-01-29 05:00:00,New Zealand,5.193566797137224,282.08612513561303
2020-01-29 06:00:00,Indonesia,6.908411299826106,121.46716049055607
2020-01-29 07:00:00,Turkey,6.596521377681941,486.4657622317232
2020-01-29 08:00:00,Indonesia,6.451216212847839,242.26980857644986
2020-01-29 09:00:00,California,4.773708481134819,682.9271406019404
2020-01-29 10:00:00,California,4.512662762170198,448.6804541417324
2020-01-29 11:00:00,Indonesia,6.005929659773293,575.7363945440527
2020-01-29 12:00:00,Japan,6.788127967382757,92.76727091929389
2020-01-29 13:00:00,Chile,5.670288679041789,603.4101375908358
2020-01-29 14:00:00,New Zealand,5.7148380684096995,645.930033359376
2020-01-29 15:00:00,California,4.839937280980853,340.94334317325513
2020-01-29 16:00:00,New Zealand,6.308478799575811,424.3770564256842
2020-01-29 17:00:00,Japan,4.56113124567257,535.3668606320969
2020-01-29 18:00:00,New Zealand,4.971037709212731,122.38703908228878
2020-01-29 19:00:00,Mexico,5.27630931584925,351.7962535244097
2020-01-29 20:00:00,California,5.522831136053365,279.06411944061915
2020-01-29 21:00:00,Japan,4.727229197245241,102.46179451357438
2020-01-29 22:00:00,Japan,4.344510474217611,257.274095604072
2020-01-29 23:00:00,Chile,5.831860127324898,47.7206165698455
2020-01-30 00:00:00,Chile,4.865891659720767,18.06833486464089
2020-01-30 01:00:00,Mexico,5.743714664267837,94.61640240837593
2020-01-30 02:00:00,Japan,4.463088145822607,674.1805781124217
2020-01-30 03:00:00,Alaska,5.4434203055644526,384.67067512651187
2020-01-30 04:00:00,Japan,5.597768297654758,676.075512807254
2020-01-30 05:00:00,Chile,4.1554706104672805,302.7485148310924
2020-01-30 06:00:00,Alaska,5.009812834581762,218.2712931596817
2020-01-30 07:00:00,California,4.403244030816923,354.2993039881709
2020-01-30 08:00:00,California,4.1901249114183035,307.6581820430371
2020-01-30 09:00:00,New Zealand,6.9698806971698355,73.96527898322074
2020-01-30 10:00:00,Indonesia,4.967061534924169,448.57842028314434
2020-01-30 11:00:00,Chile,6.429623337563905,151.22672775671973
2020-01-30 12:00:00,Indonesia,4.763921964291292,433.7115684284807
2020-01-30 13:00:00,Alaska,6.044508166671788,455.14076467870734
2020-01-30 14:00:00,Chile,6.280683579669059,106.41739719005368
2020-01-30 15:00:00,Mexico,5.786916221823533,42.94473897746771
2020-01-30 16:00:00,Japan,5.414728565650475,546.5331102479079
2020-01-30 17:00:00,Mexico,5.235522742441805,321.8602966385241
2020-01-30 18:00:00,Alaska,5.046604799628986,40.714656853833056
2020-01-30 19:00:00,Chile,6.788587432743478,696.406422018837
2020-01-30 20:00:00,Turkey,6.491858223363187,40.446392697456645
2020-01-30 21:00:00,Alaska,6.8950807319995375,486.5246602009872
2020-01-30 22:00:00,Turkey,4.372891670456634,688.5752476843895
2020-01-30 23:00:00,Japan,6.192602425610932,167.42607295114794
2020-01-31 00:00:00,California,6.815021370463113,99.57455808103732
2020-01-31 01:00:00,California,4.543699198496981,84.96945759570022
2020-01-31 02:00:00,Alaska,4.1994888021003325,212.29260329731687
2020-01-31 03:00:00,Indonesia,6.223361947870178,70.73206770745269
2020-01-31 04:00:00,Chile,5.723419339539736,484.5129391858923
2020-01-31 05:00:00,Chile,6.525486330274816,43.60425869104388
2020-01-31 06:00:00,California,4.419317129878868,356.5954897048528
2020-01-31 07:00:00,New Zealand,6.3858019355796705,697.6877976970837
2020-01-31 08:00:00,Mexico,4.604881960143233,569.7791886542132
2020-01-31 09:00:00,New Zealand,4.490967828597114,430.65360676170764
2020-01-31 10:00:00,Japan,4.492797393792979,214.37753455062816
2020-01-31 11:00:00,Mexico,6.443724160694146,436.7270854041469
2020-01-31 12:00:00,Mexico,5.9955916620886,368.92902473815616
2020-01-31 13:00:00,Alaska,5.569196274307358,298.25836872326005
2020-01-31 14:00:00,California,5.076491452370508,91.49726371813964
2020-01-31 15:00:00,New Zealand,6.631601622439325,620.6229506683267
2020-01-31 16:00:00,New Zealand,5.177335322267906,314.84925417492576
2020-01-31 17:00:00,California,6.449798318414731,136.23575827453556
2020-01-31 18:00:00,New Zealand,5.317404725710656,257.43154561410273
2020-01-31 19:00:00,Turkey,5.130833288274722,289.8908267702489
2020-01-31 20:00:00,California,5.38803935700882,579.276526896812
2020-01-31 21:00:00,Alaska,4.904133622492426,513.5300663929814
2020-01-31 22:00:00,Indonesia,6.242828140528753,538.5134255489379
2020-01-31 23:00:00,Mexico,5.508161170277438,7.72188510005305
2020-02-01 00:00:00,Alaska,4.696638085440452,291.30779872583304
2020-02-01 01:00:00,Chile,6.698723719823706,336.9409061447265
2020-02-01 02:00:00,Japan,5.151673664119635,13.43459377613968
2020-02-01 03:00:00,Indonesia,5.630658583341965,181.86924612152396
2020-02-01 04:00:00,Chile,6.7194163328936405,532.2028761854945
2020-02-01 05:00:00,Mexico,5.872713987741976,95.97679401029934
2020-02-01 06:00:00,New Zealand,4.350694122125092,374.71709201681415
2020-02-01 07:00:00,California,6.819496370840426,150.64131041206625
2020-02-01 08:00:00,Mexico,5.883124159214254,8.48454225072529
2020-02-01 09:00:00,Alaska,5.004716843971258,168.84102031967905
2020-02-01 10:00:00,Japan,4.417816217990162,683.1116284370377
2020-02-01 11:00:00,Alaska,6.3820755678108885,561.0759783180927
2020-02-01 12:00:00,Indonesia,5.860218267785541,671.7036510247234
2020-02-01 13:00:00,Indonesia,5.600383275928964,341.49783074845374
2020-02-01 14:00:00,Japan,6.681677749152873,76.81533907425245
2020-02-01 15:00:00,Turkey,6.3657916336735925,383.57164228158507
2020-02-01 16:00:00,Chile,4.455024639198253,318.06413419197264
2020-02-01 17:00:00,Chile,4.935166203386645,591.0499579177311
2020-02-01 18:00:00,Indonesia,4.745467419443397,68.65780654897121
2020-02-01 19:00:00,Indonesia,6.231838877718031,341.7687959152447
2020-02-01 20:00:00,New Zealand,4.100597304207338,105.03406528578898
2020-02-01 21:00:00,California,5.70966905461395,227.273148823042
2020-02-01 22:00:00,New Zealand,6.287376057222072,516.1499541714597
2020-02-01 23:00:00,New Zealand,6.6302969102852485,333.21269055813656
2020-02-02 00:00:00,Turkey,5.026245246147722,263.12179960203855
2020-02-02 01:00:00,Chile,6.463771914016038,276.13339499902474
2020-02-02 02:00:00,Turkey,4.331895210865621,321.61273788419066
2020-02-02 03:00:00,Turkey,6.539356875203555,549.5115806859399
2020-02-02 04:00:00,Japan,4.382465986995947,624.4592822581641
2020-02-02 05:00:00,Chile,5.191861871681102,668.7342805527497
2020-02-02 06:00:00,California,6.391886097338661,550.8323703787065
2020-02-02 07:00:00,Alaska,4.449752282046322,220.7848270236089
2020-02-02 08:00:00,Indonesia,4.687754185697925,481.6942942605795
2020-02-02 09:00:00,Indonesia,6.166757705179199,306.32218683877437
2020-02-02 10:00:00,California,6.160109609638223,178.2694354322358
2020-02-02 11:00:00,Turkey,5.9234428986558925,588.6101055981459
2020-02-02 12:00:00,New Zealand,6.0818453334013,26.898444273627497
2020-02-02 13:00:00,Japan,5.628173330042788,631.2333944947965
2020-02-02 14:00:00,Turkey,4.755397176720859,323.03422523731393
2020-02-02 15:00:00,Indonesia,5.0370879805117585,446.0410337657963
2020-02-02 16:00:00,Mexico,4.544793150404277,461.54774554404787
2020-02-02 17:00:00,New Zealand,6.725351684000885,626.5824184945754
2020-02-02 18:00:00,Indonesia,5.750175384298362,445.6687775170451
2020-02-02 19:00:00,Mexico,5.20255425029092,429.7535093320432
2020-02-02 20:00:00,Turkey,5.386017410932398,46.65642839248297
2020-02-02 21:00:00,California,6.841850018835446,362.88561536164286
2020-02-02 22:00:00,California,4.4600542093482405,105.11830057192915
2020-02-02 23:00:00,New Zealand,5.758689496050392,516.2036381050399
2020-02-03 00:00:00,Indonesia,5.517666036653398,358.55534456887216
2020-02-03 01:00:00,Chile,5.834362706303944,476.1594454458473
2020-02-03 02:00:00,Mexico,4.054330551462521,29.171030421668988
2020-02-03 03:00:00,Japan,6.616371726832455,59.354411232062255
2020-02-03 04:00:00,Indonesia,6.7963548474508375,501.4263716438776
2020-02-03 05:00:00,Japan,5.695399550767627,50.45903519907136
2020-02-03 06:00:00,Indonesia,6.089952471630677,49.87970943568102
2020-02-03 07:00:00,Chile,6.767498143531887,8.475932664421215
2020-02-03 08:00:00,Chile,6.1217159029401955,669.550978809636
2020-02-03 09:00:00,New Zealand,4.457617128742784,516.2558516213048
2020-02-03 10:00:00,New Zealand,5.728865080500439,247.2759859514449
2020-02-03 11:00:00,Chile,5.8201451391485675,207.57490690135864
2020-02-03 12:00:00,Alaska,5.272392013907158,244.79226082209468
2020-02-03 13:00:00,Chile,6.209332706874168,542.2574718268273
2020-02-03 14:00:00,California,6.803101044307045,462.95942774929006
2020-02-03 15:00:00,California,6.7767055387203285,129.63689750722756
2020-02-03 16:00:00,Alaska,5.352518114212396,121.87653473385905
2020-02-03 17:00:00,Turkey,4.339714137522265,68.87695479937813
2020-02-03 18:00:00,Mexico,6.954523596887004,462.2119037909367
2020-02-03 19:00:00,Turkey,6.516694259337802,535.0608635552152
2020-02-03 20:00:00,Japan,4.373988043609801,185.53249982750282
2020-02-03 21:00:00,Turkey,6.762525647852117,14.661472721638969
2020-02-03 22:00:00,Indonesia,6.609689086186385,57.520167233499144
2020-02-03 23:00:00,Turkey,5.5565141713782165,677.5020243915213
2020-02-04 00:00:00,Indonesia,5.7738263072347875,206.8113442341942
2020-02-04 01:00:00,Alaska,5.197008111610391,538.4562034866935
2020-02-04 02:00:00,California,4.164284916466094,437.26449819798466
2020-02-04 03:00:00,New Zealand,5.005591724937703,267.35774775702714
2020-02-04 04:00:00,Indonesia,6.408560345794035,143.98108353688858
2020-02-04 05:00:00,California,4.013896069013809,84.9704927115845
2020-02-04 06:00:00,Mexico,5.000497515073432,430.50907762720664
2020-02-04 07:00:00,Japan,5.19450608077283,542.2436464464516
2020-02-04 08:00:00,Mexico,5.612186808813769,450.7329774787915
2020-02-04 09:00:00,Alaska,6.759566849238281,371.2114932744108
2020-02-04 10:00:00,Turkey,5.0390379830978835,29.365856402145386
2020-02-04 11:00:00,Turkey,5.0408596056886825,677.9421443160686
2020-02-04 12:00:00,Chile,6.212503744329245,559.0999341582022
2020-02-04 13:00:00,Chile,5.356653822669422,204.9754256906753
2020-02-04 14:00:00,Chile,4.673814468819946,685.9792305511954
2020-02-04 15:00:00,Mexico,5.35731854839808,421.31711274542545
2020-02-04 16:00:00,Indonesia,4.4225710611394,407.69586074507254
2020-02-04 17:00:00,Japan,4.52916095951867,523.6512256006724
2020-02-04 18:00:00,Chile,5.4951033182184394,568.2388516630963
2020-02-04 19:00:00,Alaska,5.256776348513643,459.5350251320518
2020-02-04 20:00:00,Alaska,6.7445377032043,89.66702245634002
2020-02-04 21:00:00,Chile,5.0871816973499,236.78725419614887
2020-02-04 22:00:00,Turkey,5.741765050834131,649.6585482282348
2020-02-04 23:00:00,Chile,5.896792863758591,157.23092829069634
2020-02-05 00:00:00,Japan,4.039283369765001,260.5169166862593
2020-02-05 01:00:00,Chile,5.990612116050132,302.4538180609372
2020-02-05 02:00:00,Japan,4.534107900609254,307.58349278611655
2020-02-05 03:00:00,Alaska,6.883210952408366,429.05770774616786
2020-02-05 04:00:00,Chile,4.445988183259339,660.1530864212954
2020-02-05 05:00:00,Mexico,5.243872371181071,168.48489828275348
2020-02-05 06:00:00,New Zealand,4.256049004235932,85.05096341064264
2020-02-05 07:00:00,Mexico,6.990622755537842,138.22934290195613
2020-02-05 08:00:00,Alaska,5.506585030993728,620.8474301464887
2020-02-05 09:00:00,Japan,5.786155051960131,452.0675688586442
2020-02-05 10:00:00,Mexico,4.201229432165283,200.13475246741208
2020-02-05 11:00:00,Japan,6.249881411197533,571.1628572780321
2020-02-05 12:00:00,Mexico,4.629716779286757,602.9589974544052
2020-02-05 13:00:00,Mexico,6.694162868322142,592.5600370831946
2020-02-05 14:00:00,Japan,4.615418921446022,643.2485735476881
2020-02-05 15:00:00,Indonesia,4.572063161991,176.5687141213531
2020-02-05 16:00:00,Mexico,4.109649003544285,528.5293501223948
2020-02-05 17:00:00,Chile,5.416200835329998,322.377648091898
2020-02-05 18:00:00,New Zealand,5.694523399787849,589.3989870230431
2020-02-05 19:00:00,Alaska,4.197125918285057,509.9434740131292
2020-02-05 20:00:00,Indonesia,6.326582850085032,543.5132125498072
2020-02-05 21:00:00,Japan,5.359866504244083,459.31328637675006
2020-02-05 22:00:00,Indonesia,5.57317080798274,124.2001386287948
2020-02-05 23:00:00,California,5.322288240814684,381.51884322785685
2020-02-06 00:00:00,California,5.202289182625978,689.2688176671558
2020-02-06 01:00:00,Mexico,5.678920993924653,656.1716465479833
2020-02-06 02:00:00,Mexico,4.465720737792138,30.221615057908167
2020-02-06 03:00:00,Chile,4.545784391485814,115.370371010606
2020-02-06 04:00:00,New Zealand,6.585356863040552,92.21014141819333
2020-02-06 05:00:00,Alaska,6.838346386400898,508.1859369897068
2020-02-06 06:00:00,Indonesia,5.119927948839258,572.4497308998616
2020-02-06 07:00:00,California,4.812234019430662,149.45795641747034
2020-02-06 08:00:00,Mexico,5.9319986297170475,354.0968850662803
2020-02-06 09:00:00,Turkey,5.2262025132942895,588.49211960784
2020-02-06 10:00:00,Turkey,4.076159066981035,512.9610813363754
2020-02-06 11:00:00,Alaska,4.468457792098571,379.5660438442938
2020-02-06 12:00:00,Indonesia,6.147916686542192,413.24338332114104
2020-02-06 13:00:00,Mexico,5.976771825730454,355.852382841396
2020-02-06 14:00:00,Mexico,4.081287977510451,208.2839159231744
2020-02-06 15:00:00,California,4.665916485798848,395.5153950013113
2020-02-06 16:00:00,California,4.6932243897642145,482.21971143506346
2020-02-06 17:00:00,Mexico,6.015678230796185,611.3260411025653
2020-02-06 18:00:00,Japan,4.059131613263093,445.40394778547363
2020-02-06 19:00:00,Mexico,4.312325745953721,532.7850759302106
2020-02-06 20:00:00,Alaska,6.399748256119568,112.0501444682011
2020-02-06 21:00:00,Mexico,4.535633986163001,323.09023209385293
2020-02-06 22:00:00,Chile,5.958238323555625,6.532133878965308
2020-02-06 23:00:00,New Zealand,4.71454834314018,172.6752051651361
2020-02-07 00:00:00,Chile,4.298324178278035,508.5232005791034
2020-02-07 01:00:00,Chile,4.729516572998362,694.2669659445544
2020-02-07 02:00:00,Japan,6.166800795566978,69.42466971105114
2020-02-07 03:00:00,Japan,6.567089404318857,281.04602110290176
2020-02-07 04:00:00,Turkey,6.490659593700975,560.0496780894116
2020-02-07 05:00:00,Mexico,5.191550588855364,142.8249442402292
2020-02-07 06:00:00,Chile,6.004255409711939,388.55946451160037
2020-02-07 07:00:00,Japan,4.614952886247463,513.1499072207723
2020-02-07 08:00:00,California,4.879443190783039,431.1898151821253
2020-02-07 09:00:00,Mexico,6.68900745556336,131.6173142307913
2020-02-07 10:00:00,Alaska,4.039005770532208,248.7691980800176
2020-02-07 11:00:00,New Zealand,4.2565255925634045,548.654249139778
2020-02-07 12:00:00,Indonesia,4.623658765438082,387.95855989241164
2020-02-07 13:00:00,Mexico,4.079596611621459,3.6607294800389156
2020-02-07 14:00:00,Indonesia,4.544306305269392,532.6935320196657
2020-02-07 15:00:00,Chile,5.749124682909077,24.71794845816735
2020-02-07 16:00:00,New Zealand,5.2642736517774935,522.0136479118624
2020-02-07 17:00:00,Indonesia,6.678015133230924,141.73639211566618
2020-02-07 18:00:00,Chile,6.452330685215323,670.6514360835662
2020-02-07 19:00:00,California,5.025452055093628,257.5585259114591
2020-02-07 20:00:00,Indonesia,4.778270300293878,228.85213143665538
2020-02-07 21:00:00,New Zealand,5.139077224501801,104.22163523271128
2020-02-07 22:00:00,Turkey,5.770884827544423,213.9229508431504
2020-02-07 23:00:00,Mexico,4.804190922468629,613.6555332797404
2020-02-08 00:00:00,Chile,5.872446723547402,697.4340363390731
2020-02-08 01:00:00,Mexico,5.228234956573721,257.8166713547938
2020-02-08 02:00:00,New Zealand,5.6561415425559405,314.0274416681798
2020-02-08 03:00:00,Japan,5.30837958740595,505.44965674191593
2020-02-08 04:00:00,Chile,4.883397278625753,620.3370463255521
2020-02-08 05:00:00,Indonesia,6.8453599208864695,415.1310339307489
2020-02-08 06:00:00,Chile,6.290817382479283,274.06798872448053
2020-02-08 07:00:00,Mexico,4.420339527299357,288.8352885940366
2020-02-08 08:00:00,California,6.605403927693739,486.9327025477648
2020-02-08 09:00:00,Chile,5.462293594748541,2.252784522995077
2020-02-08 10:00:00,Indonesia,6.683656680682274,433.71253622188846
2020-02-08 11:00:00,Japan,6.3995657678419455,248.84510730895016
2020-02-08 12:00:00,Turkey,5.2756405134077005,555.9381318939589
2020-02-08 13:00:00,Alaska,4.067407924960352,65.09344787619251
2020-02-08 14:00:00,California,4.806032078154838,411.74158686387335
2020-02-08 15:00:00,Turkey,5.624902643982601,336.68102292028664
2020-02-08 16:00:00,Japan,5.900434659478442,449.6278681336592
2020-02-08 17:00:00,Chile,4.773663056299607,45.39751613807784
2020-02-08 18:00:00,Mexico,4.418068222218473,405.9886511996919
2020-02-08 19:00:00,New Zealand,6.504790710397897,393.0392115716666
2020-02-08 20:00:00,Mexico,6.953206542110657,392.4620660913196
2020-02-08 21:00:00,Turkey,5.5770705469080575,422.4413666175184
2020-02-08 22:00:00,Indonesia,4.51503785754491,473.52755605845357
2020-02-08 23:00:00,Mexico,4.816921979558106,563.4922997765389
2020-02-09 00:00:00,California,4.0551720296424,188.87450408975005
2020-02-09 01:00:00,Mexico,6.742896419681497,577.5345871260434
2020-02-09 02:00:00,Indonesia,4.353253248670423,348.77897758441753
2020-02-09 03:00:00,Alaska,5.729549426542761,53.94079539403182
2020-02-09 04:00:00,Chile,4.822165662061618,40.98565047078544
2020-02-09 05:00:00,New Zealand,5.6625340075473805,233.96682308724255
2020-02-09 06:00:00,Turkey,5.954261165055593,549.4278839780272
2020-02-09 07:00:00,Chile,6.4892254111216054,495.37665431864104
2020-02-09 08:00:00,Mexico,4.619263815281809,552.0304752706845
2020-02-09 09:00:00,Japan,4.0329874859754415,362.08833950912657
2020-02-09 10:00:00,Chile,4.410656890206422,308.1392985688434
2020-02-09 11:00:00,Alaska,6.700055925544316,103.21676869439877
2020-02-09 12:00:00,Mexico,6.621670232687546,229.73492752651808
2020-02-09 13:00:00,New Zealand,5.7922393065109254,303.81355632171267
2020-02-09 14:00:00,Indonesia,5.80155058130096,62.02030077573206
2020-02-09 15:00:00,Alaska,5.995110023638766,154.42836689784787
2020-02-09 16:00:00,Mexico,4.5261138358703485,418.7577058446172
2020-02-09 17:00:00,Alaska,6.743235837774879,514.9641799674329
2020-02-09 18:00:00,Chile,5.25631157467622,698.8432579750647
2020-02-09 19:00:00,New Zealand,5.149415584748493,653.1793319404903
2020-02-09 20:00:00,Indonesia,5.556753115848513,449.79563967463406
2020-02-09 21:00:00,Mexico,4.140897900325165,294.8736373058504
2020-02-09 22:00:00,California,4.498850106268238,445.3241552957629
2020-02-09 23:00:00,Turkey,6.214100849279111,549.9561326561624
2020-02-10 00:00:00,Indonesia,4.24839600377538,82.83533364637113
2020-02-10 01:00:00,California,5.809456328399165,286.93342278740175
2020-02-10 02:00:00,Alaska,4.736047329043963,587.8615999449321
2020-02-10 03:00:00,Japan,5.167886842125929,268.6830663531308
2020-02-10 04:00:00,Indonesia,4.8660812103121,400.3105898590306
2020-02-10 05:00:00,Alaska,5.067018149394848,411.43855260353877
2020-02-10 06:00:00,California,6.157137715552737,129.13337719354755
2020-02-10 07:00:00,Chile,4.891365146869525,253.56480915660185
2020-02-10 08:00:00,Chile,5.699213920890692,234.1579021193525
2020-02-10 09:00:00,Japan,5.428151206597299,18.337695972445356
2020-02-10 10:00:00,Turkey,5.991013496087945,16.93423472394867
2020-02-10 11:00:00,Indonesia,6.810489217974274,582.1879305730414
2020-02-10 12:00:00,Indonesia,6.197716291630751,191.1495669809687
2020-02-10 13:00:00,Indonesia,4.64482113577227,362.6551363671708
2020-02-10 14:00:00,Turkey,4.093549405183854,209.10790151214113
2020-02-10 15:00:00,Alaska,4.786792132899476,658.4754715807384
2020-02-10 16:00:00,New Zealand,5.785233792100764,181.50773120604163
2020-02-10 17:00:00,New Zealand,4.154277440452751,300.7597689172546
2020-02-10 18:00:00,Japan,5.4890987416037085,610.9111753392212
2020-02-10 19:00:00,Indonesia,5.790528546750668,589.3534967542661
2020-02-10 20:00:00,Alaska,5.002731672450882,130.27099249239413
2020-02-10 21:00:00,Chile,6.312736611237465,561.8503168569973
2020-02-10 22:00:00,California,4.319794759401315,320.7308207165249
2020-02-10 23:00:00,Alaska,4.225413345207427,338.0782104597487
2020-02-11 00:00:00,Turkey,6.18456626861081,93.43598069116065
2020-02-11 01:00:00,New Zealand,5.486473948618595,56.421059629987255
2020-02-11 02:00:00,New Zealand,6.065207189283209,509.55751488163565
2020-02-11 03:00:00,Chile,5.304482015811239,347.52280664870983
2020-02-11 04:00:00,Chile,4.73920609971732,305.7954918306257
2020-02-11 05:00:00,Turkey,6.457306953022599,510.6557600566777
2020-02-11 06:00:00,California,6.398247636906937,535.8590292937769
2020-02-11 07:00:00,Chile,6.08408941256328,111.2357173685475
2020-02-11 08:00:00,Japan,4.816435411689888,427.1576046343489
2020-02-11 09:00:00,California,5.770692000607261,94.74785759437987
2020-02-11 10:00:00,Chile,5.082921690820081,525.962560220332
2020-02-11 11:00:00,Mexico,4.274746219979902,459.86860938699766
2020-02-11 12:00:00,Alaska,6.751940726386728,669.6302347584206
2020-02-11 13:00:00,Chile,4.410455892756884,48.27061144949483
2020-02-11 14:00:00,Japan,6.850712061462407,39.93830480587802
2020-02-11 15:00:00,Indonesia,5.338017318873867,197.5309522852401
